title,authors
"
Automation Testing With Cypress – Simple and Easy Tutorial For Beginners
",Pritam
"
React Native:Tutorial #7 – Top 10 React Native Libraries
",Pavan
"
React Native:Tutorial #6 – React Native Animation
",Pavan
"
React Native:Tutorial #5 – React Native API Integration
",Pavan
"
React Native:Tutorial #4 – React Native UI Components
",Pavan
"
React Native:Tutorial #3 – Styling React Native App
",Pavan
"
React Native:Tutorial #2 – React Native Props and State
",Pavan
"
React Native:Tutorial #1 – React Native Introduction
",Pavan
"
WebSocket Application With Spring Boot Step By Step – Source Code On GitHub
",Pavan
"
What is Docker – Complete Docker Tutorial for Beginners
",Pavan
"
Web Scraping Using Beautiful Soup Word Cloud + Python – Tutorial Part 2
",Rounak
"
Web Scraping Using Beautiful Soup + Python – Tutorial Part 1
",Rounak
title,authors
"
ReactJS Tutorial# 5 – React Flux and Redux
",Pavan
"
ReactJS Tutorial# 4 – Forms, Events and Keys
",Pavan
"
ReactJS Tutorial# 3 – Component State and Lifecycle
",Pavan
"
ReactJS Tutorial# 2 – Components and Props
",Pavan
"
ReactJS Tutorial# 1 – An Introduction
",Pavan
"
Simple and Easy way to Build a RESTful API using Node.js
",Pavan
"
Static Website With Node js Webserver Step By Step – Source Code on GitHub
",Pavan
"
Step By Step Implementation Of Microservices with Spring Boot – Sample Code Provided
",Rahul
"
An Introduction to Microservices Architecture – Simple and Easy To Understand
",Rahul
"
How to 301 Redirect Url in WordPress
",Pavan
"
Top 5 Best JavaScript Frameworks in 2019
",Shilpa
"
How to Build and Deploy Web Service and Client in Java
",Renuka
title,authors
"
How to Add a Shortcode in WordPress
",Pavan
"
A Handy Guide to Creating Your Small Business’s First Website
",Pavan
"
Top 5 Best WordPress Plugins Your Website Must Have
",Pavan
"
How to Setup ECommerce for WordPress Website
",Pavan
"
How to Add CSS Animation to a Website Easily with Animate.css
",Pavan
"
Setting up – Free Premium WordPress Theme – Aadya – Part 2
",Pavan
"
Setting up – Free Premium WordPress Theme – Aadya – Part 1
",Pavan
"
Top 5 Best Responsive CSS Frameworks for Web Design
",Pavan
"
How to Install WordPress Locally using XAMPP
",Pavan
"
Openstrap – Responsive WordPress Theme
",Pavan
"
Free Simple WordPress Theme – Awakening
",Pavan
"
How to add a Widget to WordPress
",Pavan
title,authors
"
A Beginners Guide to Kotlin
",Pavan
"
GraphQL Tutorial#6 : 51 Most Imp GraphQL Interview Questions and Answers
",Pavan
"
GraphQL Tutorial #5 – Introduction to Apollo GraphQL
",Pavan
"
GraphQL Tutorial #4 – GraphQL Operations
",Pavan
"
GraphQL Tutorial #3 – GraphQL Components
",Pavan
"
GraphQL Tutorial #2 – Setting up a Basic Project in GraphQL
",Pavan
"
GraphQL Tutorial #1 – Introduction to GraphQL
",Pavan
"
A Beginner’s Guide to Microsoft Web Template Studio (VS Code) – Step By Step
",Pavan
"
51 Most Important ReactJS Interview Questions and Answers
",Pavan
"
Simple Guide to Spark Framework for Microservices
",Pavan
"
Mendix Low Code – Application Development With Example
",Pavan
"
ReactJS Tutorial# 6 – ReactJS Best Practices
",Pavan
title,authors
"
How to add Options Framework to WordPress Theme
",Pavan
"
Note on Software Development
",Pavan
